well_id,n_rows,rare_frac,rmse_overall,rmse_rare,rmse_common
1b1eba53,4655,0.0,63.73803372497016,,63.73803372497016
a959858c,4404,0.0,55.8975262489584,,55.8975262489584
2fd68f7b,4730,0.00021141649048625792,50.03910152944023,54.23064372749286,50.0381780497472
389ae58f,6463,0.0004641807210273867,50.02936624175156,63.95833718787385,50.02199666130422
c8d9680c,6281,0.0001592103168285305,49.38695920219362,16.6152493579375,49.39044610876901
ba48188d,4166,0.0,48.66737019496732,,48.66737019496732
86454a6f,7964,0.0,46.10529456843223,,46.10529456843223
896d15b9,4279,0.0,44.82093313144098,,44.82093313144098
5f4d2a52,5225,0.0005741626794258373,43.48107272869992,53.01384029876267,43.47499546731525
f88ddb26,4990,0.0,43.46518899732564,,43.46518899732564
03a935ae,2786,0.0,42.78063377474726,,42.78063377474726
94d813a4,4847,0.00020631318341242006,42.583761201666476,34.81538337946222,42.58521800742249
91db7070,4073,0.00024551927326295114,42.3295415791792,4.9684980041129165,42.33466729488911
f6d009f4,6715,0.0004467609828741623,38.96562427042121,34.28304502956199,38.96759139373381
4f3eb9e9,4697,0.0,37.13260099615964,,37.13260099615964
81bf5923,4543,0.0,36.81491171474505,,36.81491171474505
91b301ce,6570,0.00015220700152207003,36.4042521328062,0.5558534364663501,36.4070222941815
fef8af96,3826,0.0,35.86380526492653,,35.86380526492653
a8ed028a,5538,0.0,33.78797450412572,,33.78797450412572
6d6d93af,3595,0.0,33.50375496838486,,33.50375496838486
8382f4b6,4967,0.0004026575397624321,32.14186877816367,33.57896545648827,32.1412769403972
42c538a1,3279,0.0,31.987734711601227,,31.987734711601227
206b6193,6535,0.0,31.281495260272692,,31.281495260272692
9d5e14d4,5400,0.0,31.226272891469044,,31.226272891469044
57f05c51,4771,0.0,30.86092678247014,,30.86092678247014
c03fba65,3699,0.0,30.361078788160352,,30.361078788160352
2bff06cf,7624,0.00013116474291710389,29.44686781839368,39.28103846018166,29.44536229699226
c593337f,5208,0.0,29.39899001716316,,29.39899001716316
56b00794,6065,0.0,29.220337281259482,,29.220337281259482
ff0aea78,3261,0.00030665440049064706,28.506699229152275,19.845528738522262,28.50895233391709
25050f63,6124,0.0,28.17292792350775,,28.17292792350775
99529c45,5840,0.0,27.526238025871123,,27.526238025871123
c59b6c4a,5499,0.0,27.400434162867647,,27.400434162867647
ab112491,5185,0.0,27.18625362004322,,27.18625362004322
445af6c2,6041,0.0,26.99289286997308,,26.99289286997308
ad2133a8,5729,0.00017455053237912376,26.935045002185877,14.350534506167605,26.936728724346896
ee288beb,4638,0.0,26.728734683664136,,26.728734683664136
d924e971,3184,0.0,26.52150671686254,,26.52150671686254
75d20a82,5067,0.0,26.5137485966811,,26.5137485966811
43e16325,3720,0.0,26.398486066629015,,26.398486066629015
70925e23,5947,0.00033630401883302503,26.223103598804787,2.989723310452399,26.227456852628084
84c3b497,5312,0.00018825301204819278,26.161603372006294,1.0218406139538274,26.164062462940244
5d7198fd,3368,0.0002969121140142518,25.180616599421516,38.79603141756161,25.17547903603289
3417285d,5449,0.0,25.06698670879577,,25.06698670879577
fa16d114,5686,0.0,24.887099784236707,,24.887099784236707
5aa403d0,3118,0.0,24.756959312174143,,24.756959312174143
9a95e33f,6447,0.00015511090429657206,24.60026873270335,11.451819443271233,24.601763355559314
7a5660b0,4998,0.0,24.59382115387383,,24.59382115387383
46dfcfca,3606,0.0,24.442451464787933,,24.442451464787933
e5864244,4469,0.0,24.286702729659567,,24.286702729659567
2fa01aa6,2174,0.0,23.960358041152183,,23.960358041152183
a48640d9,4532,0.0,23.95400936046566,,23.95400936046566
708caea9,6548,0.0006108735491753207,23.858624606552834,23.196166020905412,23.859023907412496
8bfa881d,4089,0.0,23.321689988424367,,23.321689988424367
46d24a09,4449,0.0002247696111485727,23.04991200108571,6.206873621169507,23.052315037566785
fb03ae90,6431,0.0,22.814858003500525,,22.814858003500525
137d1e44,4554,0.0,22.72994114150849,,22.72994114150849
89f1085d,5994,0.0,22.538894794768424,,22.538894794768424
2ac7cb6b,4990,0.0006012024048096192,22.30326267134327,6.396224173198988,22.30941850712123
197f8a5a,6310,0.0,22.286084674683945,,22.286084674683945
4a335117,5015,0.0,22.261391753343187,,22.261391753343187
cc8a1d57,6638,0.0,22.06518138906476,,22.06518138906476
fd8f77fa,5272,0.00037936267071320183,21.898042221550067,16.223779473532392,21.89991656251745
45fb3e21,3649,0.0,21.822894230791185,,21.822894230791185
95c8427f,6335,0.0,21.73533015959065,,21.73533015959065
e201fd6d,5070,0.0,21.61811854783852,,21.61811854783852
d0cb63ae,5223,0.0,21.36976628679682,,21.36976628679682
3407f5bf,3638,0.0,21.309629039970144,,21.309629039970144
8a89da23,3935,0.0,21.141216361736152,,21.141216361736152
8255c867,3589,0.0,21.115400776845366,,21.115400776845366
78a4a386,5119,0.0,20.824380520743336,,20.824380520743336
a5aa7973,4616,0.0,20.80556274253183,,20.80556274253183
d9eca87b,6373,0.0,20.745718097917532,,20.745718097917532
bb337fa0,6873,0.0,20.718893246561723,,20.718893246561723
230eaaa3,4690,0.0,20.670944076527466,,20.670944076527466
3a7dd95d,3072,0.0,20.631499473209235,,20.631499473209235
727a3a10,4397,0.0,20.526356161461045,,20.526356161461045
14fee784,4910,0.0004073319755600815,20.407083641393765,11.861199727381285,20.409836716495768
d84b621b,3994,0.0,20.289363441328355,,20.289363441328355
cf50c9d1,4858,0.0,20.05512978947603,,20.05512978947603
44a94013,4903,0.0,20.028767368298887,,20.028767368298887
cbe62450,6258,0.0006391818472355385,20.00604654359125,20.662976340499817,20.00561947446301
577eec7c,4539,0.0006609385327164573,19.91131554571799,22.660890418371526,19.909371389466873
67847288,7429,0.0,19.900282694187105,,19.900282694187105
543198e8,6503,0.0,19.884016752498805,,19.884016752498805
32fe84c9,6408,0.0,19.87493415297043,,19.87493415297043
93f5d2e6,3691,0.0,19.86447019122029,,19.86447019122029
da3bfe4e,5549,0.0,19.78127379049681,,19.78127379049681
368131f9,4991,0.0006010819475055099,19.712001999565167,26.288993041928542,19.707385854903034
861e71df,4700,0.0,19.586189152205762,,19.586189152205762
f08774c3,3900,0.0,19.478829270172668,,19.478829270172668
f5d8aab6,4444,0.0,19.240806101724683,,19.240806101724683
884ecb5f,6724,0.0,19.214776194574355,,19.214776194574355
95b559e7,2887,0.0,19.21242772587478,,19.21242772587478
efde6ac3,4559,0.0004386926957666155,19.19374253622593,26.6447914802047,19.18983724318945
c47e0767,4356,0.0,19.063260349523382,,19.063260349523382
efe96181,4012,0.0,18.86343614043594,,18.86343614043594
0dc5e64d,4879,0.000819840131174421,18.645359958942056,18.89687050262533,18.645152198294337
015fe0d2,4296,0.0,18.58547712087251,,18.58547712087251
11d0f5ac,4883,0.0,18.525463868243936,,18.525463868243936
16e4a047,4131,0.0,18.49239993126998,,18.49239993126998
b977be4a,5917,0.0,18.411778070531273,,18.411778070531273
261785ee,3646,0.0,18.374229015900053,,18.374229015900053
ae8959c3,4518,0.0002213368747233289,18.270252916862617,24.00104996668415,18.268785162222834
77e4821c,5393,0.0,18.26035984972045,,18.26035984972045
d7eb0be8,5401,0.0,18.233382893307965,,18.233382893307965
ee0300f7,4544,0.0,18.209117769733233,,18.209117769733233
d63196fe,4510,0.0,18.159542315611965,,18.159542315611965
42669188,4282,0.0007006071929005138,18.079971104791927,20.576067918355292,18.078100196549514
b37fd114,8161,0.0,18.020588518702123,,18.020588518702123
a783cc24,1889,0.0,17.975419749031246,,17.975419749031246
8d5d46d7,5755,0.0,17.917930736459933,,17.917930736459933
ef8e3ed0,5224,0.0,17.848277694439158,,17.848277694439158
5fb1c15f,2860,0.0,17.83602500505751,,17.83602500505751
c1708b88,6315,0.0,17.577986591679917,,17.577986591679917
df73b8f3,5311,0.0003765769158350593,17.551852561950188,3.577778209705222,17.55502096245194
3e011332,2723,0.0,17.531856942837024,,17.531856942837024
4c2208f5,5384,0.0,17.370967362288432,,17.370967362288432
5b7b6324,6564,0.0,17.35893679612233,,17.35893679612233
ac6f01d5,5004,0.00019984012789768185,17.356400119485524,21.68459899253321,17.35542710310268
ab18d3fc,5694,0.0,17.335899325224158,,17.335899325224158
ef04658e,4104,0.0,17.31185253958452,,17.31185253958452
1b1c5372,4261,0.0,17.29815454550573,,17.29815454550573
173ed841,4883,0.0006143764079459349,17.248338442356058,12.382333978404104,17.250907689236275
729f4217,6195,0.0,17.198886619137593,,17.198886619137593
4a035ec2,2588,0.0,17.075090049940012,,17.075090049940012
a056d01e,6557,0.0006100350770169285,17.0507093808926,24.4963255985479,17.045171308949644
60e37807,2699,0.0,17.03916745093553,,17.03916745093553
9a6b0392,4255,0.00023501762632197415,17.03858533133125,27.192150467510146,17.035487047531596
739a914f,5505,0.0,17.030420101485888,,17.030420101485888
aaaf3c03,2997,0.0,17.02993616618122,,17.02993616618122
a08d9e63,3685,0.0,16.992428546888686,,16.992428546888686
8cc800b3,6576,0.0,16.93999709516866,,16.93999709516866
35b3ef6a,3904,0.0,16.912808962126363,,16.912808962126363
58850d2c,4995,0.0,16.886854253305334,,16.886854253305334
a612d5a0,5329,0.00018765246762994934,16.744273692460904,20.364344827361492,16.74352078581706
fbd68d27,6829,0.0,16.67612619208676,,16.67612619208676
eabc711b,5348,0.0,16.619934683952966,,16.619934683952966
c50b42f6,6014,0.0,16.581511831110273,,16.581511831110273
bffe3082,5723,0.0,16.547789143179166,,16.547789143179166
fc03f21f,4803,0.0006246096189881324,16.49328374742502,16.116376839813395,16.49351662099477
ecdaf714,6592,0.0,16.449008673936763,,16.449008673936763
3f603129,5051,0.0,16.43230307444097,,16.43230307444097
8a3da6d1,4593,0.0,16.416419772562328,,16.416419772562328
2ddad940,5331,0.00018758206715438003,16.412473028599695,17.506354523593473,16.412260956916594
55efee7f,4801,0.0,16.39976817327595,,16.39976817327595
1131525f,4159,0.0,16.39841331685997,,16.39841331685997
e03b45fd,5342,0.00018719580681392738,16.288242305494947,13.757097704425178,16.288679386021695
a6f967fb,4670,0.0,16.284788586147545,,16.284788586147545
3a0af893,2927,0.0,16.279610095931186,,16.279610095931186
10b89021,5414,0.0,16.253039731037635,,16.253039731037635
3a86fe8d,5118,0.00019538882375928098,16.190993518613283,28.2292549558897,16.187765997208817
da3cf798,5844,0.0008555783709787816,16.167872272666028,19.01179881595563,16.16522258672108
82aab6d2,6140,0.0,16.153149249366802,,16.153149249366802
9896fc0b,3595,0.0,16.031310653826896,,16.031310653826896
a3f71395,5543,0.00018040772145047808,15.890840370124417,11.125639342433715,15.89157126785978
493b5b31,4671,0.0,15.883373067555706,,15.883373067555706
2364716c,4316,0.0,15.880979229011052,,15.880979229011052
4630ab92,3373,0.0002964719833975689,15.849185177479093,0.37262420045226463,15.851533820860642
1b08ed48,5618,0.0,15.797825235492471,,15.797825235492471
460f859e,3336,0.0,15.774689321836888,,15.774689321836888
8612b37f,5165,0.0,15.743914237115762,,15.743914237115762
368fe682,4936,0.0,15.700947160053477,,15.700947160053477
b4d8dd4f,4259,0.00023479690068091102,15.677710122757647,1.1329115882035694,15.679541373606819
2075c696,3188,0.0,15.668894429201432,,15.668894429201432
fde20ecf,4667,0.00042854081851296334,15.49182450345529,10.333795981548626,15.493667627026598
3bbe1f5d,6918,0.0,15.47860338867613,,15.47860338867613
5bd25f59,4210,0.0,15.476828696116254,,15.476828696116254
4c3df468,5392,0.0,15.454409532222682,,15.454409532222682
98bc6f66,6063,0.0,15.445339360474112,,15.445339360474112
e45a2a62,5007,0.0005991611743559018,15.420501874085282,11.411860946195647,15.42259262397819
2e63d9de,4699,0.00021281123643328368,15.271548389244028,10.953203413033407,15.272337597132873
f8afa78a,6032,0.0,15.170523122959123,,15.170523122959123
febb4411,4247,0.0,15.160486922112407,,15.160486922112407
d2f3b1ab,5581,0.0,15.106321430829896,,15.106321430829896
656a067b,3051,0.00032776138970829236,15.083962880694628,24.382789201650667,15.079973810634765
6767c111,6783,0.0004422821760283061,15.033802077419798,16.407540768260304,15.033166443398022
5cdd8dbc,4010,0.0,14.94408970322169,,14.94408970322169
0bbf5e67,4298,0.0,14.878019258244931,,14.878019258244931
e7818f7a,5371,0.0007447402718301992,14.85610061589204,15.345028592045592,14.855730219240693
bc4381e2,4955,0.0,14.845273518681367,,14.845273518681367
79507629,5302,0.0,14.844016631221352,,14.844016631221352
b0d42b0d,4971,0.0,14.780595247109085,,14.780595247109085
84815d5a,3647,0.0005483959418700301,14.765081962355621,9.26309674202441,14.767538202108918
10a1281a,5609,0.0,14.73950024372939,,14.73950024372939
1a518997,4606,0.0,14.73748604153344,,14.73748604153344
f49fdea3,5391,0.0,14.718619029827638,,14.718619029827638
71642c7d,4648,0.0,14.696729099017565,,14.696729099017565
beda8696,5912,0.0,14.60484085611669,,14.60484085611669
bb682ebd,4139,0.0,14.583373862278798,,14.583373862278798
9d3ec64c,3480,0.0005747126436781609,14.51009313727262,16.608713150963805,14.508799011968721
c9e6734f,4735,0.0,14.48357199436815,,14.48357199436815
1770d7c6,7240,0.0,14.4209852280811,,14.4209852280811
e730c32b,4728,0.0,14.385677673442283,,14.385677673442283
00bbac68,6014,0.00016627868307283005,14.288244775405627,3.15408621752249,14.289374947731135
54753541,4026,0.0,14.262534695828114,,14.262534695828114
000d7d20,3836,0.0,14.250865118194818,,14.250865118194818
67a8da4a,4911,0.0008144980655670943,14.218187858391959,9.089961824463511,14.221613897578921
37d36812,4367,0.0002289901534234028,14.170457817332165,8.90550507516491,14.171439659443678
122bd617,4570,0.0,14.144923090976812,,14.144923090976812
071d7b45,3211,0.0,14.137704775431938,,14.137704775431938
9af1ffd0,3525,0.0,14.125741848753323,,14.125741848753323
7e721392,6174,0.0,14.112550512429031,,14.112550512429031
c3957531,5316,0.0,14.1087000346854,,14.1087000346854
9dede370,6297,0.0,14.099943517769681,,14.099943517769681
198a5607,6251,0.0,14.051914099674459,,14.051914099674459
93209a3d,4697,0.0004258037044922291,14.034148316412695,13.267477324544963,14.034465982581315
b3388334,6080,0.0001644736842105263,13.993401732750293,7.854637267873841,13.994190040432397
276b012a,4837,0.0,13.981580400679556,,13.981580400679556
dd6bc5b2,3602,0.0,13.96423020061318,,13.96423020061318
26623a50,5735,0.0,13.900092363175913,,13.900092363175913
c66be2b8,4154,0.00048146364949446316,13.886452038426773,3.5811459404090606,13.88957377769777
8b5be31b,5672,0.0003526093088857546,13.849499636981513,18.83166228085534,13.847426009397315
27300fd5,5467,0.0,13.844239094555363,,13.844239094555363
9426ec1e,2532,0.0,13.762783368084776,,13.762783368084776
7bb17b96,3922,0.0005099439061703213,13.736937399933757,6.994874383180493,13.739532852240924
8b12bab6,5234,0.0,13.711902834378963,,13.711902834378963
14ab73fb,3649,0.0,13.693660858330452,,13.693660858330452
30d75030,3404,0.0,13.663514944977376,,13.663514944977376
c99f9fae,6361,0.0,13.642118097702689,,13.642118097702689
0849b4e2,5537,0.00036120642947444465,13.629382264774419,21.471913575343795,13.625732677417107
1a68190b,4474,0.0004470272686633885,13.615979765202356,12.060412802522654,13.616635701350274
8ac2f237,5319,0.0,13.578142937899955,,13.578142937899955
9c8375f7,3674,0.0,13.530888376759846,,13.530888376759846
833af382,3628,0.0,13.47439249476611,,13.47439249476611
65156b96,3221,0.0,13.465795289565039,,13.465795289565039
b881d27e,4009,0.0,13.41617688409879,,13.41617688409879
a0b83014,5035,0.0,13.415696229157367,,13.415696229157367
b7fea9ef,3866,0.0,13.343505304176713,,13.343505304176713
bcebcc5f,6258,0.0,13.251890710277236,,13.251890710277236
05a0ee4d,4348,0.0,13.218228148024265,,13.218228148024265
f6824bb0,5015,0.0,13.171451721348383,,13.171451721348383
eba6605e,4410,0.0,13.126516082096238,,13.126516082096238
3a223519,4583,0.0002181976871045167,13.110987653532536,8.535005968198675,13.11181203393963
7ff89f8f,7337,0.0,13.031029440861193,,13.031029440861193
8f201368,6349,0.0,12.960448362844655,,12.960448362844655
46a301e9,8226,0.0,12.957464421598099,,12.957464421598099
3c3dbcbc,5069,0.0003945551390806865,12.925485931458983,17.73394729647365,12.923234751100702
9bd2bba3,7439,0.0,12.924943755802607,,12.924943755802607
f4d12d23,3701,0.0,12.908801427748884,,12.908801427748884
a645da9a,5153,0.00019406171162429653,12.890796415158302,2.7562530583818443,12.89199021339162
5254b6db,3274,0.0,12.884399186190244,,12.884399186190244
dc7f9757,4360,0.00045871559633027525,12.872446272964217,11.035709209328505,12.873229038224553
8c8348e8,3888,0.0,12.867409586055985,,12.867409586055985
1e30dedf,4071,0.00024563989191844754,12.825946771546452,10.434156996079764,12.826479629918216
d9ae59b2,3648,0.00027412280701754384,12.786954342408922,14.255964698695607,12.78652839813383
466fc788,6197,0.0,12.74193543365127,,12.74193543365127
ec0d597b,4616,0.0,12.72882388283437,,12.72882388283437
5663b2b7,4972,0.0,12.653848499969962,,12.653848499969962
29b24409,5587,0.0,12.589299198484271,,12.589299198484271
df71d1ff,6228,0.0,12.574911599322366,,12.574911599322366
9c350a6a,6052,0.0,12.570670489395159,,12.570670489395159
eafb863e,3568,0.0,12.52786691130174,,12.52786691130174
201661b5,5955,0.0,12.524492816427887,,12.524492816427887
b4f37e6e,2992,0.0,12.508803942697204,,12.508803942697204
2d35f86d,4896,0.0,12.494217901779473,,12.494217901779473
1beca81d,5036,0.00019857029388403494,12.350814197147237,20.348011921263605,12.348711474910399
81fc01c6,5909,0.0008461668641056016,12.314332744080232,9.794650750400939,12.316248161834816
660d9546,4732,0.0008453085376162299,12.306196712502809,8.272986925915106,12.309049420342799
f053a1b9,4108,0.00024342745861733204,12.286580032683382,6.018615222976223,12.287716861599074
028d7b28,6234,0.0,12.286254174170832,,12.286254174170832
53134831,5126,0.0,12.265060118620253,,12.265060118620253
272abef3,4135,0.0,12.242139943465572,,12.242139943465572
10be2420,3271,0.0,12.21935857353677,,12.21935857353677
7987f2f2,3705,0.0,12.17915389852143,,12.17915389852143
d543916f,4799,0.00041675349031048136,12.172695895136298,9.899928397833625,12.17355498217207
939d9c34,5101,0.0,12.17161023258011,,12.17161023258011
f40cd091,5166,0.0,12.150304143717754,,12.150304143717754
ecdab904,6147,0.0,12.148177013250066,,12.148177013250066
9e3e364d,4290,0.0002331002331002331,12.10786539625253,17.43518183969354,12.106349961171093
bf70b410,6347,0.0,12.074547792632883,,12.074547792632883
974802e7,5843,0.0,12.07319370017766,,12.07319370017766
a79fd2e7,4404,0.0,12.056219269861515,,12.056219269861515
35b30c7f,9579,0.00020879006159306817,12.03388186829533,7.368651815096026,12.034667252400537
ee4aecac,5265,0.0001899335232668566,12.008200977101808,5.0836852189204365,12.009137112458138
96ae5806,9839,0.0004065453806281126,12.003883102763316,13.263698943642954,12.003343822682895
4ed93db6,4657,0.0,11.961702824236909,,11.961702824236909
3932faa6,5452,0.0,11.960132528373121,,11.960132528373121
1a730ac2,4605,0.00043431053203040176,11.955200271918805,14.642975096905575,11.953901088424049
d463e527,4767,0.0,11.844099490642181,,11.844099490642181
cda7eb37,5973,0.0,11.836744730082318,,11.836744730082318
7850c72e,5497,0.0,11.81164373487219,,11.81164373487219
7acda2df,3091,0.0,11.801920517145438,,11.801920517145438
796dbd4c,6248,0.0,11.797774372751205,,11.797774372751205
5a1a8fd8,5260,0.0,11.755961532304266,,11.755961532304266
e0f36d98,4976,0.00040192926045016077,11.726533251448204,1.444910762740829,11.728854793936621
12f0cd90,5947,0.0,11.664053598346158,,11.664053598346158
57796579,5890,0.00016977928692699492,11.556306463464377,15.947084605566488,11.55541919752589
73b1447d,5670,0.0,11.510170278696492,,11.510170278696492
9c211c53,7265,0.00013764624913971095,11.506986979935306,14.489668967960824,11.506523142562251
e5ff9fd2,2354,0.0,11.502328808657746,,11.502328808657746
be063506,4500,0.0,11.473065121069114,,11.473065121069114
c9e980e8,4359,0.0,11.450813546685465,,11.450813546685465
58fa8486,4475,0.000223463687150838,11.42732530768288,10.719709844781391,11.427478571427029
20402d71,6372,0.0,11.398454280110284,,11.398454280110284
df8290be,3972,0.0,11.381428685955301,,11.381428685955301
811f52b3,4836,0.0,11.380426943876689,,11.380426943876689
dc7da28f,4774,0.00020946795140343527,11.35882045579119,18.92816184223193,11.3567059939313
6e6d122c,5632,0.0001775568181818182,11.345124145853159,4.839387550664469,11.345948199581363
5beded95,3057,0.00032711808963035657,11.343006658059847,12.379490821293075,11.342651993056064
529e88ca,3417,0.001170617500731636,11.338965139766287,12.267964260128153,11.337831704300829
4b831d20,7312,0.00013676148796498905,11.332207168392491,16.643635819342308,11.331310379060445
0955cd6c,5195,0.0007699711260827719,11.329744019301428,7.866551310010336,11.33200454592889
7d57c75d,4405,0.0,11.318622240527011,,11.318622240527011
a7fc3e6b,4764,0.0,11.307413456294269,,11.307413456294269
9ab94eeb,4442,0.0,11.28248702509586,,11.28248702509586
2fe023be,4221,0.0,11.257745842400825,,11.257745842400825
b585b4fa,4294,0.0,11.235613158282405,,11.235613158282405
c6b782a4,4877,0.0,11.21696920097336,,11.21696920097336
33c40295,4169,0.0,11.215352850928861,,11.215352850928861
48c1f673,2917,0.0,11.19769540996179,,11.19769540996179
19fb4f7b,5620,0.0,11.192421971480396,,11.192421971480396
46a7190b,4215,0.00023724792408066428,11.16009483142045,16.96713890361025,11.15835813653481
ec13af42,5462,0.0,11.149625264355713,,11.149625264355713
3aaa2b30,4711,0.0004245383145828911,11.142904556800357,10.19375889160543,11.14329050120901
c42fe306,5095,0.0,11.119325562651463,,11.119325562651463
b7cdcecb,6168,0.00016212710765239947,11.117352426789328,17.73414846050764,11.115960110075264
e3b34f5b,5455,0.0,11.108596391956016,,11.108596391956016
1aaf1da0,4804,0.0,11.088303419277404,,11.088303419277404
992c99e8,4904,0.0,10.996146469833672,,10.996146469833672
add9c322,3932,0.000762970498474059,10.987807655809624,10.673551024045262,10.988044173512712
f5859199,5790,0.0,10.978188619850908,,10.978188619850908
c6c96179,4004,0.0,10.962591421901731,,10.962591421901731
ea0b99b7,9239,0.0,10.93663888200362,,10.93663888200362
eeda36f5,4797,0.0,10.925610451219296,,10.925610451219296
9a8ae0d6,6294,0.0,10.88409030596614,,10.88409030596614
5d11dfb5,5895,0.0005089058524173028,10.883487123236783,12.280443204219562,10.882730167371161
e6c55748,4472,0.0004472271914132379,10.881081020141945,13.668079027986641,10.879674254336543
e2fc7745,3692,0.0,10.853923658588588,,10.853923658588588
d07aed8f,2957,0.0,10.841982071438494,,10.841982071438494
521a7819,5200,0.0,10.791058438375886,,10.791058438375886
b5aa9634,7326,0.000546000546000546,10.785372364418969,5.654470682650437,10.787508424593534
1295a25b,5551,0.0,10.775486088618173,,10.775486088618173
b04b58a3,3402,0.0,10.765786705167658,,10.765786705167658
a3518960,4967,0.00020132876988121604,10.721620788397054,13.528138212623162,10.720981655810506
c03b9305,4255,0.0,10.677581328541597,,10.677581328541597
01982c1d,3941,0.0,10.673423090071685,,10.673423090071685
e32da4ec,4689,0.00042653017701002344,10.6481997600799,9.902624985867833,10.648506763389461
ff8bb73a,5927,0.0,10.63822644899354,,10.63822644899354
d5df0ff5,4032,0.0,10.626401218491964,,10.626401218491964
fae0c593,4403,0.0,10.608630665742742,,10.608630665742742
e5c92e59,4295,0.00023282887077997672,10.552270444972367,9.546581119431721,10.55249348999926
27c3155b,4958,0.0,10.541147697830715,,10.541147697830715
e7c36e81,3531,0.0,10.53662247044088,,10.53662247044088
633774dc,6233,0.0,10.523549062961479,,10.523549062961479
09053135,5907,0.0,10.500410707439443,,10.500410707439443
98177ced,4772,0.0,10.469911919666016,,10.469911919666016
6e9ccd38,8282,0.0001207437816952427,10.46015280065911,5.1355525947419665,10.460632126969134
722cf0d8,5143,0.0,10.43696952755313,,10.43696952755313
e737965a,5955,0.0,10.433721894900469,,10.433721894900469
8bda1a11,5981,0.0,10.411712937461626,,10.411712937461626
d0a43760,4041,0.0,10.41035391139782,,10.41035391139782
9d4272e3,4030,0.0,10.407083046008617,,10.407083046008617
2d9f6cb9,7338,0.0,10.364003161926485,,10.364003161926485
a4cdbb0f,5204,0.0,10.362140032347634,,10.362140032347634
177622d7,3154,0.0,10.343400484362192,,10.343400484362192
2d196986,6474,0.0,10.329342150279045,,10.329342150279045
43c7f85a,5978,0.0,10.321914080316553,,10.321914080316553
4cd1ac61,4489,0.0,10.321398069587692,,10.321398069587692
46d41ff6,7901,0.0,10.300228305939727,,10.300228305939727
e25f1537,3177,0.0,10.300088456273443,,10.300088456273443
37344c2a,5197,0.0,10.298896028714202,,10.298896028714202
cbb406b5,6328,0.00015802781289506955,10.284421104521003,5.614225281304243,10.284991630617093
14ad5efb,5842,0.00017117425539198904,10.283443019379904,9.866131387288988,10.283513014722244
807f0298,3747,0.0002668801708033093,10.27544844683685,1.3374197824705334,10.276796646448819
d114d9c2,6206,0.0,10.273195122265099,,10.273195122265099
5f75f796,5562,0.0,10.251297897834753,,10.251297897834753
52f1e77a,4442,0.00022512381809995497,10.18681130336867,10.492955738607634,10.186741331338773
ea3a0e38,10052,0.0005968961400716276,10.179699681210314,9.35911969866966,10.180170010818332
e7d0c1de,4711,0.0,10.174122386720832,,10.174122386720832
9298ad5b,3964,0.0002522704339051463,10.124433939286936,8.191885828773593,10.124875036437016
059c8f24,6258,0.00015979546180888463,10.095849642557894,14.252265833243655,10.095048587096
c96c018a,6236,0.0,10.056695121576485,,10.056695121576485
76201745,4448,0.0,10.049365294189897,,10.049365294189897
e97032ad,3530,0.0,10.045750426223611,,10.045750426223611
da940160,5132,0.0,10.043317647236801,,10.043317647236801
3ef98781,3892,0.0005138746145940391,10.040140231886989,12.994866298482508,10.03839740649585
a692b17e,3566,0.0,10.036048356521903,,10.036048356521903
8478df29,4857,0.0,10.024114902950524,,10.024114902950524
0d99f8e4,5823,0.0,10.00493306932261,,10.00493306932261
28f4eda9,5266,0.00018989745537409798,9.994079629560131,0.1608419017484266,9.995028444073279
4a8ecc0b,5809,0.0,9.97445552524564,,9.97445552524564
d085e611,6191,0.0,9.952873400044375,,9.952873400044375
94467f50,3035,0.0006589785831960461,9.942017856805723,10.157238202707582,9.94187440054971
7cbbd047,5121,0.0003905487209529389,9.920008345702414,10.443180187502058,9.919798549525972
ed6e6e54,6048,0.0,9.913654511287382,,9.913654511287382
f321a31c,5141,0.0,9.892069226483866,,9.892069226483866
aed44918,2719,0.0,9.887126816079347,,9.887126816079347
13f598d9,7306,0.0001368738023542294,9.878891770298063,4.027159250990735,9.879455560402677
f8f59188,4807,0.0,9.868726253911259,,9.868726253911259
9da441ba,5783,0.0003458412588621823,9.853115579550128,8.972879274891165,9.853406500002638
bd4ae5da,5006,0.0,9.832590409963077,,9.832590409963077
8648abae,4244,0.0,9.816776693191207,,9.816776693191207
cd7f1687,4232,0.0,9.797685405888638,,9.797685405888638
01869cd4,5557,0.0,9.762846383005833,,9.762846383005833
3e678ea7,6858,0.0,9.741697967066628,,9.741697967066628
e748dd88,4812,0.0,9.737632670457437,,9.737632670457437
125be846,6510,0.0,9.73478462485323,,9.73478462485323
65a5466a,4683,0.0,9.715426620274103,,9.715426620274103
b19b0395,5813,0.0,9.707844562216682,,9.707844562216682
591cc951,4609,0.0,9.662405219798952,,9.662405219798952
1550491d,4563,0.00021915406530791147,9.636525122064857,3.9914165437457996,9.63740005973586
7271dd80,4340,0.0002304147465437788,9.600028628178203,3.3456870693898964,9.601000465345614
9df1b1f9,4701,0.0,9.559062613621292,,9.559062613621292
a6b8ac67,5453,0.0,9.52696140307944,,9.52696140307944
d6dd7330,6193,0.0,9.516516781362762,,9.516516781362762
aa95015b,4300,0.0,9.512723348535664,,9.512723348535664
8bb9c1e6,4546,0.0,9.499843405508553,,9.499843405508553
9d072e4c,5107,0.00039161934599569217,9.487144512159206,11.415221894245914,9.486312350501745
fa667be2,7296,0.0006853070175438596,9.477819444435667,10.633675089542137,9.476978414038902
d90aa14c,10018,0.00019964064683569574,9.472614919900767,10.754984301389861,9.472341519246848
5a63b5d1,6217,0.0,9.462761103179146,,9.462761103179146
61f27424,6220,0.0,9.453517602037019,,9.453517602037019
060ab2b8,6258,0.0,9.426889633940249,,9.426889633940249
47ee27ab,6397,0.0,9.426594443039022,,9.426594443039022
f8662c22,5429,0.0001841959845275373,9.417918360933115,0.916106144173682,9.41877764434372
b95e7121,6306,0.0003171582619727244,9.394972709954372,16.070634657868187,9.392101909503605
684a6fc1,9818,0.0,9.364368784946631,,9.364368784946631
3584a6eb,4494,0.0,9.348709528874158,,9.348709528874158
0390d174,4411,0.0,9.332283334386647,,9.332283334386647
eac10e86,6067,0.0,9.328110374277559,,9.328110374277559
bd8f847e,4961,0.0,9.327971512969576,,9.327971512969576
6ea22614,5971,0.0,9.22480641386892,,9.22480641386892
96936c22,3346,0.0,9.222549415490873,,9.222549415490873
e9949a23,4559,0.0,9.2201797818897,,9.2201797818897
2cee0cba,5500,0.0,9.19418616989085,,9.19418616989085
d9d6d94d,4919,0.0004065867046147591,9.172870031911794,14.068904025191568,9.170346737136606
f0188a48,4170,0.0,9.125430726901438,,9.125430726901438
a622ce4d,6298,0.0,9.10717400563482,,9.10717400563482
f140c2fa,4082,0.0,9.104248563973297,,9.104248563973297
481de5fc,5952,0.0,9.082312557393402,,9.082312557393402
bf39bc20,3303,0.0,9.0525132494263,,9.0525132494263
d7ba4f9d,6023,0.00016603021749958492,9.020276573626633,2.5662829673310625,9.020964870598196
995ff498,4526,0.0,9.008585699523389,,9.008585699523389
9ffce529,5212,0.0,9.006036849523085,,9.006036849523085
4f69febf,5460,0.0,8.965365920069239,,8.965365920069239
153552f5,4695,0.0,8.963639411246378,,8.963639411246378
084d66f9,3885,0.001287001287001287,8.962989221057471,3.9522645897219872,8.967640219831862
2d179ded,7008,0.0,8.940477360785168,,8.940477360785168
4fbe9c06,6287,0.0,8.917163138030784,,8.917163138030784
c9578d27,4487,0.0,8.905266502810782,,8.905266502810782
eb640a35,6037,0.00016564518800728838,8.87845861848195,14.573357867264349,8.877212451585926
8995c945,6724,0.000148720999405116,8.876657131008521,1.9043600422701275,8.877286894767016
c84c65be,8496,0.0,8.86850094693627,,8.86850094693627
9ad5410a,4205,0.0004756242568370987,8.850227221234755,5.467678401959063,8.851529121800908
87aa3730,5607,0.0,8.839918918640615,,8.839918918640615
5397ceb1,5255,0.0,8.83920239770761,,8.83920239770761
0498acab,4798,0.0,8.8353172493856,,8.8353172493856
647f2a41,3881,0.0,8.825320961871691,,8.825320961871691
fa31da94,5027,0.00019892580067634773,8.817861249928294,14.468189624736624,8.816376715244482
0dc835f3,4428,0.0,8.801855431841606,,8.801855431841606
6d1d74e1,5830,0.0,8.755744240141553,,8.755744240141553
cb879f40,6315,0.0,8.75178710350413,,8.75178710350413
6a0ff78e,6465,0.0,8.727373272002815,,8.727373272002815
a7744f5b,4377,0.0,8.723744465302357,,8.723744465302357
593876b6,4842,0.0,8.72361284644381,,8.72361284644381
fb3848a1,5919,0.0,8.714335652701656,,8.714335652701656
5693dde2,3488,0.0,8.7114181100166,,8.7114181100166
044af7d1,4519,0.0,8.704773326785899,,8.704773326785899
6d590e26,6096,0.0,8.642494735749695,,8.642494735749695
698930d1,4741,0.0002109259649862898,8.618012096131489,2.0914738875253533,8.618867585309061
940a48d9,3963,0.0010093363613424174,8.616741302979442,7.251774534341892,8.618011081069975
c2c4db09,6039,0.00016559032952475575,8.604411222483206,13.556221559036203,8.603355065313334
3df4b19e,4988,0.0006014434643143544,8.590590431413487,7.9110908717466675,8.590983176291616
87695469,7003,0.0,8.575315134362864,,8.575315134362864
f074d277,2453,0.0,8.563406206716184,,8.563406206716184
e46f4ef4,7195,0.0,8.55708817824458,,8.55708817824458
353e5502,6062,0.0,8.535294354629276,,8.535294354629276
109d9d70,4215,0.00023724792408066428,8.524058104278954,10.017853183735497,8.523672550985728
5aef5c6c,3121,0.0,8.509858092635614,,8.509858092635614
91abc4c7,5848,0.0,8.508532039917752,,8.508532039917752
ae0784a8,7823,0.000255656397801355,8.494504011879044,12.427166973876874,8.493265459302783
504c8b08,6367,0.0,8.457330750356038,,8.457330750356038
7c607683,5328,0.0,8.454490222217544,,8.454490222217544
fb73b13a,5640,0.0,8.45447838540751,,8.45447838540751
2acc78d4,4266,0.00023441162681669012,8.441669120263743,8.072362203409284,8.441753815895227
ccedb12b,4401,0.0004544421722335833,8.412494643180533,9.296601955578078,8.41207155241346
47222616,4406,0.0,8.39368662229265,,8.39368662229265
9283ae69,3371,0.0005932957579353308,8.367774096601062,7.306292543907794,8.368364254014875
310c71a5,5245,0.00038131553860819826,8.367596100367662,5.045852281846022,8.368611646502691
a4f989c2,5385,0.00018570102135561745,8.35638011425134,10.317416066125588,8.35597313196044
53f23031,8550,0.0,8.342815192245563,,8.342815192245563
75c20ec7,5361,0.0,8.334973153689418,,8.334973153689418
cdc60a53,5878,0.0,8.32055036425783,,8.32055036425783
4cecf7b3,6019,0.0004984216647283602,8.283183897911755,8.756035603679251,8.282941366975207
27ebb9b9,5766,0.0,8.278731278308806,,8.278731278308806
70e1788b,9285,0.0,8.263680875576638,,8.263680875576638
4c3168cf,4334,0.00023073373327180433,8.25748965311817,12.398144731778302,8.256294365823265
9ae248be,5271,0.0,8.24888393683534,,8.24888393683534
c2c6fc71,7119,0.00014046916701783958,8.244880650172059,6.744069855292764,8.24507230500268
1b82b665,3806,0.0,8.236348800551132,,8.236348800551132
9efc812e,4450,0.0006741573033707865,8.166002980170916,5.339076718399586,8.167579808083136
cad13e8f,4848,0.0,8.158831131139339,,8.158831131139339
c9fedcf3,3517,0.0,8.134151479572608,,8.134151479572608
4f4afcc6,5645,0.0,8.123770560885427,,8.123770560885427
09441b8d,5488,0.00036443148688046647,8.108803946919732,7.858628859412039,8.108893744399778
8b95d6d1,1731,0.0,8.05535604165204,,8.05535604165204
b32902c0,3808,0.0002626050420168067,8.045626329811112,20.36582162549894,8.039910325755407
cbe51de1,3963,0.0005046681806712087,7.997582152897428,8.290073199054035,7.997431765418892
2043abc5,6958,0.00014371945961483184,7.988178150540475,2.635003387740653,7.988689776269548
7e208414,4226,0.0,7.967635785802414,,7.967635785802414
4463446c,3256,0.0,7.961778594651612,,7.961778594651612
c908edd0,5293,0.0,7.9594522922914965,,7.9594522922914965
865033f8,3557,0.0,7.9591831777446345,,7.9591831777446345
54a7e3c2,6155,0.0,7.957410355425955,,7.957410355425955
f07d7037,5563,0.0,7.920619429424204,,7.920619429424204
5567d551,6889,0.00014515894904920887,7.919754596937626,2.2549176963511854,7.920282870038898
2e29e833,5428,0.0,7.906556493269289,,7.906556493269289
e4726608,4733,0.0,7.900554583404321,,7.900554583404321
4121c517,3723,0.0,7.881976258033639,,7.881976258033639
d00e7eb9,5704,0.0,7.843729910030012,,7.843729910030012
ae069086,4770,0.0004192872117400419,7.812820717851395,10.234123929034892,7.8116476007511295
5a5d1982,3894,0.0,7.80849853582758,,7.80849853582758
8d92cb49,3589,0.0,7.79746552905686,,7.79746552905686
26d3a96a,4721,0.0,7.792408143611243,,7.792408143611243
1944513c,4722,0.0,7.760324192098693,,7.760324192098693
0c1b160c,5054,0.0003957261574990107,7.755605101048818,7.878100595906831,7.755556224066154
d1457cc5,6920,0.000722543352601156,7.745779218126824,5.894893064617967,7.74695754331044
15e154a1,6068,0.0,7.74116854961964,,7.74116854961964
d6c320d9,5452,0.00018341892883345562,7.723344816972832,0.09198446992013487,7.724053117762116
3a824aa7,4201,0.0,7.709248209488677,,7.709248209488677
ffefef30,4570,0.0,7.690740193752982,,7.690740193752982
73348914,4221,0.00023691068467187872,7.681070332708992,1.5391924338728131,7.681943817997653
6ede926a,4938,0.0,7.663060451328442,,7.663060451328442
512943b2,5029,0.0,7.6318633860432,,7.6318633860432
f631da6e,4093,0.0002443195699975568,7.630758189949841,4.459147400397342,7.631372166822542
a6ed2eff,5275,0.0,7.619265120806294,,7.619265120806294
a0e92ed6,4897,0.0008168266285480906,7.610989663797,6.115261993603639,7.612092184309005
204cc64b,4805,0.0,7.604683937004703,,7.604683937004703
367456ce,5569,0.0001795654516071108,7.600477879266042,4.435199984982319,7.600927969323505
89f36adf,5292,0.0,7.592297719188821,,7.592297719188821
85380836,6618,0.0,7.591157983463425,,7.591157983463425
4b462989,3106,0.0,7.572534257376202,,7.572534257376202
f021b650,3739,0.0,7.563960760589213,,7.563960760589213
24d8997e,3442,0.0,7.5552510506002495,,7.5552510506002495
5f6756c5,5931,0.0,7.53474442630487,,7.53474442630487
5eae34a8,4904,0.0,7.52151277556812,,7.52151277556812
203721ab,5730,0.0,7.520063051633529,,7.520063051633529
7256229b,5415,0.0,7.516615493066375,,7.516615493066375
62569ae3,3588,0.0,7.503631424255645,,7.503631424255645
05948241,3879,0.0,7.454477028263843,,7.454477028263843
74b6186b,3405,0.0,7.444292031998314,,7.444292031998314
ab3ced07,4250,0.0,7.392640768235674,,7.392640768235674
f6bc699b,3752,0.0,7.377117431487272,,7.377117431487272
bd2c2f34,9823,0.0,7.348849663447862,,7.348849663447862
22c5f93f,5172,0.0,7.339652489152797,,7.339652489152797
fdfd57da,5236,0.0,7.3317560741447405,,7.3317560741447405
0e5e560d,3253,0.0003074085459575776,7.323836182460585,6.655652675704914,7.324032275453721
5a5269a9,6513,0.0006141563027790573,7.3180910800786245,6.864096684716104,7.3183614159112444
19137a89,6267,0.0004786979415988511,7.3137057795371705,7.303582197863314,7.31371062463862
463c38f2,4460,0.0,7.28538096475496,,7.28538096475496
cdc31d65,4840,0.00020661157024793388,7.2736683189707,1.0230108855121216,7.274404982032217
fd3b4faa,5022,0.0,7.247616290511799,,7.247616290511799
0be01c24,4738,0.0,7.240644573027389,,7.240644573027389
1285a37b,5597,0.0,7.235328781221268,,7.235328781221268
a85e4bc3,4581,0.0,7.234608289709996,,7.234608289709996
c1d046f4,5513,0.0,7.234219544545583,,7.234219544545583
4e050c92,3705,0.0005398110661268556,7.222726747868302,1.4911174228620012,7.224593881244081
c07fd0cd,4191,0.0,7.203260673440646,,7.203260673440646
a87433c9,5721,0.0,7.1991586625542485,,7.1991586625542485
12203f2a,3261,0.00030665440049064706,7.197276337518678,11.957815245312304,7.1953328434524595
0dd99dc5,7342,0.0,7.189517643228591,,7.189517643228591
1fdbba44,4911,0.0010181225819588678,7.180086726041828,5.134672516424232,7.181874184323821
516088b7,6645,0.0,7.158732477711098,,7.158732477711098
1e5e3573,5480,0.00072992700729927,7.142002949913553,5.868247672393111,7.142850357652755
3b21ea64,7376,0.0008134490238611713,7.139372793867735,6.35960042006195,7.139972922067304
155887bb,5585,0.0,7.136537063711872,,7.136537063711872
89969c7a,4947,0.0004042854255104103,7.129424292115821,5.922749160837594,7.129871015652969
1bcb2fcf,4524,0.0,7.1177837197935405,,7.1177837197935405
3bfee975,3603,0.0,7.115737058209399,,7.115737058209399
af7a59ce,3024,0.0,7.114951011211696,,7.114951011211696
052d64df,2445,0.0,7.111800504279634,,7.111800504279634
97cd5bf9,3449,0.0,7.108706787034188,,7.108706787034188
a2e8e7f6,4760,0.0002100840336134454,7.0556174193064125,7.774345067053218,7.05545870043581
ce8399b7,1615,0.0,6.999143092259166,,6.999143092259166
d217e0c5,3838,0.0,6.9956681912354535,,6.9956681912354535
edf885a3,3117,0.0,6.980997582528657,,6.980997582528657
9719aa04,4871,0.0,6.979613652065378,,6.979613652065378
1619e2ca,4443,0.0,6.923984639081268,,6.923984639081268
b0f53bf4,2755,0.0,6.920429198529399,,6.920429198529399
c70c0e01,4312,0.0,6.91928866830515,,6.91928866830515
ea41324e,5025,0.0001990049751243781,6.9053869490805315,4.4331659246381605,6.905790933462379
08fecf00,5574,0.0,6.889655729332488,,6.889655729332488
75cd5f11,4946,0.0,6.871767957617826,,6.871767957617826
fc0d20b2,3954,0.0,6.811811991998243,,6.811811991998243
be83e781,3221,0.0,6.80133858343382,,6.80133858343382
09ec2ca9,5885,0.0,6.795187806889181,,6.795187806889181
5def1ce5,6443,0.0,6.793191295313034,,6.793191295313034
f9fc81aa,5598,0.0,6.788143836261596,,6.788143836261596
7cd4bb31,6439,0.0,6.787727106854331,,6.787727106854331
dc5fbe29,5203,0.0,6.7648351245547165,,6.7648351245547165
9f0c7bae,2542,0.0,6.749540719938112,,6.749540719938112
96b7eea1,4332,0.0,6.738789396173876,,6.738789396173876
e85074c5,5675,0.0,6.7359567898274095,,6.7359567898274095
d50c649a,4873,0.00020521239482864764,6.7271994933267525,4.27541190883494,6.727611015983464
25939962,4319,0.00023153507756425097,6.69828662170308,1.0375394643833715,6.699043593248677
1fee2b62,4641,0.0,6.695683809297448,,6.695683809297448
d1ecf309,6168,0.0,6.6813784940391825,,6.6813784940391825
ddc790ff,4726,0.0,6.667551455230579,,6.667551455230579
a5e6f7dc,5649,0.0,6.654271704511903,,6.654271704511903
2d0c268a,4550,0.0,6.650518314208787,,6.650518314208787
8050c789,3077,0.0,6.647348362211952,,6.647348362211952
4936af16,3991,0.0005011275369581559,6.632847351805803,12.622127408846424,6.628487253302722
f439a621,2821,0.0,6.629229053909491,,6.629229053909491
2be5c96a,4210,0.0,6.5653401251900725,,6.5653401251900725
200d233d,3926,0.00025471217524197657,6.551191352643299,1.3457636945713602,6.551990633933825
f72b268f,6404,0.0,6.536168131050366,,6.536168131050366
5305524b,4898,0.0,6.52254664616324,,6.52254664616324
d3df146b,5787,0.0003456022118541559,6.50758272902647,4.6837252081404985,6.508124892933498
999daf80,3564,0.0,6.494275092883833,,6.494275092883833
3ef6372a,4727,0.0,6.4917706299933124,,6.4917706299933124
90386ee4,3840,0.00026041666666666666,6.472810207140375,3.877134721065886,6.473350748986082
2f19d536,3088,0.0003238341968911917,6.462738944127249,10.049043294109651,6.461254691827861
eb06a4e7,4535,0.0002205071664829107,6.461169829698561,5.370029645418981,6.461390162549547
2b547943,3480,0.0,6.448635728996407,,6.448635728996407
1b6ba517,6597,0.0,6.441232867010477,,6.441232867010477
8b9d8326,6163,0.0,6.414800588977647,,6.414800588977647
729e9750,5919,0.00016894745734076703,6.413434077461545,8.122736192299271,6.413106748582856
eb934281,5971,0.0,6.351105428888707,,6.351105428888707
9def2eb2,6003,0.0,6.323119146688765,,6.323119146688765
1d78281a,4949,0.0,6.302359926534771,,6.302359926534771
f56d3ace,5432,0.0,6.285343227631134,,6.285343227631134
23b9beb0,7340,0.0,6.283903799175966,,6.283903799175966
9b5b61c1,5532,0.0,6.283063498571534,,6.283063498571534
00e12e8b,4301,0.0,6.267678909734891,,6.267678909734891
374be387,9965,0.0,6.264242053542346,,6.264242053542346
d60430e6,2511,0.00039824771007566706,6.261940705852756,2.8390011432875326,6.26293162573252
ce55ba43,4104,0.0004873294346978557,6.257110987476258,8.409624927413619,6.255880852907017
a4719920,5884,0.0,6.248776954649269,,6.248776954649269
992ce078,2879,0.0,6.222548954698445,,6.222548954698445
cc08aa63,3274,0.0,6.193485367848025,,6.193485367848025
f03f10fe,4145,0.0,6.179860127529887,,6.179860127529887
ed6436d6,2945,0.0,6.157306191887654,,6.157306191887654
e14d641e,3184,0.0,6.14302999524176,,6.14302999524176
5542c301,3591,0.0,6.114839890632121,,6.114839890632121
944f36b9,4630,0.0,6.114068477074238,,6.114068477074238
59f8b2e8,3747,0.0002668801708033093,6.097782858675031,5.465936467966458,6.097942790035605
7d50373e,5122,0.0,6.093546426938809,,6.093546426938809
729665c0,4263,0.0002345765892563922,6.077129424019094,1.7344557452961453,6.077784257753187
43b06c70,4846,0.0,6.073931541146258,,6.073931541146258
aff4e561,6026,0.0,6.065861436806664,,6.065861436806664
7b38844c,3749,0.00026673779674579886,6.028167645017834,6.618787000876182,6.028002340511921
5aa03df7,4871,0.0,6.018339694670443,,6.018339694670443
d1ee630d,6290,0.0,6.0173584252022065,,6.0173584252022065
c472c0b5,3054,0.0003274394237066143,6.015171441797063,2.385186380937739,6.016001613345973
d4f60a28,4501,0.0,6.000595266116435,,6.000595266116435
9b9e3b49,5118,0.00019538882375928098,5.999190933925709,3.0078617081726406,5.9996297605153135
3690a146,4073,0.0,5.99757596446447,,5.99757596446447
726f3dc2,6723,0.0004462293618920125,5.98690406087177,3.789244830390159,5.987705035566152
2c0c4a4e,4790,0.0,5.975824914923453,,5.975824914923453
4f4ac5ce,5162,0.0003874467260751647,5.973344387694867,2.6084648356705786,5.974281188097964
14a53cb3,6919,0.00014452955629426219,5.9286882207859035,1.4508488789451803,5.929091043275178
d41beaf2,4753,0.0,5.9182717586255675,,5.9182717586255675
69c1bdad,2714,0.0,5.853398798843408,,5.853398798843408
eeed308d,3899,0.0,5.835976909139738,,5.835976909139738
c36625df,4742,0.0,5.819915422567016,,5.819915422567016
dbee6c86,7369,0.0,5.8088985048585124,,5.8088985048585124
d24ff243,5641,0.0001772735330615139,5.7857644658916,1.3560241041850531,5.786249192900522
a247e7cf,5674,0.00017624250969333803,5.762498776498055,6.322329568449277,5.762395298613445
ae35f33a,4450,0.0,5.76235027308804,,5.76235027308804
8a9c8932,4663,0.0,5.727966320430476,,5.727966320430476
bd6f0e19,5140,0.0001945525291828794,5.717686797960009,3.3536508872784907,5.71805170527536
1590af81,3799,0.0,5.688567626022445,,5.688567626022445
3ac16ad0,5649,0.0,5.688509612938106,,5.688509612938106
2ee0235b,5556,0.0,5.59753927505584,,5.59753927505584
9dfff011,4319,0.0,5.585472024244373,,5.585472024244373
29de15c8,3431,0.0008743806470416788,5.572073936819254,5.747635287806501,5.571917872420887
398dce4b,3166,0.0,5.56511603338982,,5.56511603338982
5cb483ac,3852,0.0,5.554007814609551,,5.554007814609551
8c167025,5368,0.0,5.54956528593004,,5.54956528593004
699ea575,4120,0.0,5.529990429701432,,5.529990429701432
bb2cdd83,3825,0.0,5.529618906592686,,5.529618906592686
28473855,4290,0.0,5.526631567110931,,5.526631567110931
5138a660,3559,0.0,5.522570074937252,,5.522570074937252
264feceb,5665,0.0,5.488814494441732,,5.488814494441732
6ae68655,4204,0.0,5.485689220524251,,5.485689220524251
49dbc14c,3872,0.0,5.470048128620643,,5.470048128620643
b56bc0aa,5602,0.0001785076758300607,5.460616238950351,4.925001574394628,5.460707176648062
ab6fe95d,5491,0.0,5.447145344126767,,5.447145344126767
1d3fbf02,2694,0.0,5.437191037886483,,5.437191037886483
d0a0e7b5,3816,0.0,5.427991426726088,,5.427991426726088
f2d4c8c9,6249,0.0,5.393728290929795,,5.393728290929795
8cc21f01,4044,0.0,5.388833820139369,,5.388833820139369
06df5958,3509,0.00028498147620404675,5.379737108300948,2.02602991006097,5.38039509633574
c43812e2,5527,0.0,5.370759612841943,,5.370759612841943
7b2c7b3c,2584,0.0,5.33214002598889,,5.33214002598889
c2717d4f,4721,0.0,5.312935512004519,,5.312935512004519
113011eb,3272,0.0006112469437652812,5.295826740728622,3.9544772533445487,5.296543192657089
357c12f9,4079,0.0,5.295309078916983,,5.295309078916983
6dbe4b60,4648,0.0006454388984509467,5.283261165156999,5.497671922255607,5.283119874908375
8902c3f6,4959,0.0,5.271399622407597,,5.271399622407597
2b034622,5203,0.0,5.2227255616844666,,5.2227255616844666
4654e7de,5373,0.00018611576400521124,5.186229200572063,9.091020504356493,5.185228586572819
a85bb86f,3099,0.0,5.155754859624517,,5.155754859624517
20096916,5133,0.0001948178453146308,5.145939123037272,4.474968704571438,5.146061340421008
44441e54,4357,0.0,5.1262155275801256,,5.1262155275801256
d273674e,3899,0.0,5.122517190911176,,5.122517190911176
abf460d2,3217,0.0,5.114560960499297,,5.114560960499297
be35c8f2,4226,0.0,5.079262353864327,,5.079262353864327
69e41fa6,5772,0.0005197505197505198,5.037620356376242,5.044201799316438,5.037616931652179
82fcf37c,6014,0.0,4.97588904612772,,4.97588904612772
02e7fe5a,5108,0.0,4.930536394479708,,4.930536394479708
b7974e66,5558,0.0,4.922856422728572,,4.922856422728572
72dd8501,5193,0.00019256691700365877,4.889180454040276,2.3897349176259013,4.889538792717877
aaeffccb,2712,0.0,4.854368125844445,,4.854368125844445
653612bc,4605,0.00021715526601520088,4.821540067810423,6.161531130961521,4.82120856322479
b38e3116,6211,0.0,4.80948339255145,,4.80948339255145
e0079ed1,3471,0.0,4.806676419986546,,4.806676419986546
0a57a29c,5821,0.0,4.794191050652308,,4.794191050652308
4caa7289,5396,0.0,4.711508999727477,,4.711508999727477
d40f61d5,4039,0.0,4.69892494212687,,4.69892494212687
a0383629,5832,0.00017146776406035664,4.682480521376839,4.756801220084526,4.682467674418605
dd64382d,3124,0.0,4.680068342976357,,4.680068342976357
63559d57,4069,0.0,4.639644227164328,,4.639644227164328
b1efb8a4,5998,0.00016672224074691563,4.631546618176686,0.30006187653634697,4.6319311367028915
4ddde4c1,4472,0.00022361359570661896,4.61677409204342,1.6511458232980658,4.617224333712414
19871e7f,5293,0.0001889287738522577,4.586779348709588,6.735335152783591,4.586278230452489
ab94878e,6004,0.0008327781479013991,4.552357373154423,2.6606019156887566,4.553606319278424
38991fd4,4798,0.0,4.549209496799077,,4.549209496799077
b8c49c1a,4319,0.0,4.465156271858879,,4.465156271858879
fd710aea,4217,0.0,4.458806616339771,,4.458806616339771
dafc88c3,5572,0.00017946877243359656,4.455957148062237,0.006324081203274545,4.4563570536652914
2f8e53c3,2594,0.0,4.44138929779098,,4.44138929779098
6a8fa194,3017,0.0,4.407103087091511,,4.407103087091511
b32e4903,5770,0.0,4.378921587807591,,4.378921587807591
2e43c2ea,5698,0.0,4.376868249420767,,4.376868249420767
a9c9b150,3986,0.0002508780732563974,4.34892996975784,5.188155786181596,4.34869904775391
d011f41b,2267,0.0,4.307734451484911,,4.307734451484911
877ed19c,3708,0.0,4.294175299198046,,4.294175299198046
f16e25e3,4651,0.0,4.227673691330462,,4.227673691330462
c03d4aed,4641,0.0006464124111182935,4.219565938027393,5.572652408310132,4.21855027031051
77b0d905,4174,0.0,4.118667042667733,,4.118667042667733
373ef48b,3509,0.0,4.1152103406466285,,4.1152103406466285
dd7d638e,4301,0.00023250406882120437,4.098272298723724,1.8837885985631146,4.098648139712944
7993a768,5487,0.0,4.082037978522357,,4.082037978522357
84633df4,4972,0.0,4.021684095670172,,4.021684095670172
e149204f,6097,0.0,4.0109556526383985,,4.0109556526383985
9314ff13,2748,0.000363901018922853,3.986582194888375,6.526930513398838,3.985362592766883
fcfcc902,2791,0.0,3.980327970208847,,3.980327970208847
347242c8,3595,0.0,3.977098687092428,,3.977098687092428
dd168de0,3304,0.0012106537530266344,3.9762864496477586,7.115423560480498,3.970975926675933
18d24f7b,4558,0.0,3.950117771313307,,3.950117771313307
71ccf778,2698,0.0,3.93076889555597,,3.93076889555597
7224331b,6063,0.0011545439551377205,3.8904130785096287,4.007076763811316,3.8902762051685924
62a6f539,3693,0.0,3.857110318570961,,3.857110318570961
1f9afacb,5328,0.00037537537537537537,3.8454714858951937,1.9665030154698222,3.8460046517512483
283269ac,2626,0.0,3.8276578812199977,,3.8276578812199977
2d2d0c6b,5045,0.0,3.8069244737132966,,3.8069244737132966
e161bd0c,2949,0.00033909799932180403,3.6716531000492894,5.810324688016408,3.6707162300585754
511e1db0,3821,0.0007851347814708192,3.6338158889838454,4.006932715474981,3.633507647148969
ebe69318,4976,0.0010048231511254019,3.5618040022395783,3.135594529664612,3.5622070262297245
764072a5,2949,0.0,3.5451441915199804,,3.5451441915199804
a76db406,4672,0.0004280821917808219,3.518313137144031,4.180310033469878,3.518002940717273
cb34231f,5609,0.0,3.506491656787795,,3.506491656787795
fb0904bd,3181,0.0,3.493121733184691,,3.493121733184691
c6797dd7,4664,0.0,3.4890209269423016,,3.4890209269423016
41fb0192,2973,0.0,3.4715908949336964,,3.4715908949336964
aee6393a,5865,0.0,3.3825704557184855,,3.3825704557184855
404c4384,911,0.0,3.227264248867415,,3.227264248867415
5fffa282,4201,0.0,2.986090387531038,,2.986090387531038
925a7cd1,4517,0.0,2.7668209672376802,,2.7668209672376802
b85f7b06,3803,0.0,2.68799978436039,,2.68799978436039
940e709a,3348,0.0005973715651135006,2.6314864568596708,1.6479560031689424,2.631964435497085
3d96d897,5659,0.0,2.613777353215434,,2.613777353215434
25fd32b3,2885,0.0,2.5863752701800156,,2.5863752701800156
13ce113d,2966,0.0,2.5640973242414176,,2.5640973242414176
39b51819,4231,0.0,2.5018706544281106,,2.5018706544281106
2ab29395,1852,0.0,2.2730486822744465,,2.2730486822744465
fba7683c,407,0.0,2.147106167181451,,2.147106167181451
89fdb2f2,2031,0.0,2.1178289486703186,,2.1178289486703186
da2d4d7c,2114,0.0,2.0691475992872275,,2.0691475992872275
2b06ad65,4256,0.00023496240601503758,1.8296181347228955,0.4727621954680217,1.8298187652337234
a15bc102,3236,0.0,1.4078968409202304,,1.4078968409202304
